{
  "version": 2,
  "framework": "nextjs",
  "buildCommand": "npm run build",
  "outputDirectory": ".next",
  "functions": {
    "pages/api/**": { "maxDuration": 30 }
  },
  "headers": [
    {
      "source": "/api/(.*)",
      "headers": [
        { "key": "Access-Control-Allow-Credentials", "value": "true" },
        { "key": "Access-Control-Allow-Origin", "value": "*" },
        { "key": "Access-Control-Allow-Methods", "value": "GET,OPTIONS,PATCH,DELETE,POST,PUT" },
        { "key": "Access-Control-Allow-Headers", "value": "X-Requested-With, Authorization, Content-Type" }
      ]
    }
  ]
}
